Source,Destination
23,5
1346,6
1133,7
32,8
868,9
1405,10
1414,11
1417,12
1418,13
1445,14
1428,15
1426,16
1429,17
1403,18
1431,19
1439,20
1420,21
1446,22
1437,23
1421,24
1443,25
1453,26
1454,27
1455,28
1456,29
1457,30
1438,31
1434,32
1436,33
1440,34
1432,35
1413,36
1422,37
1415,38
1423,39
1538,40
1539,41
1540,42
1541,43
1542,44
1548,45
1549,46
1550,47
1404,48
1407,49
1419,50
1447,51
1435,52
1557,53
1411,54
1416,55
1427,56
1408,57
1430,58
1412,59
1441,60
1406,61
1544,62
1442,63
1556,64
1543,65
1565,66
1567,67
1566,68
1410,69
1433,70
309,71
540,72
134,73
361,74
1003,75
47,76
1278,77
144,78
603,79
1126,80
1261,81
1263,82
1376,83
453,84
29,85
268,86
138,87
434,88
40,89
63,90
1460,91
521,92
48,93
1466,94
222,95
1272,96
368,97
118,98
130,99
179,100
1004,101
237,102
282,103
310,104
373,105
363,106
827,107
316,108
741,109
1384,110
229,111
323,112
703,113
11,114
13,115
20,116
19,117
14,118
15,119
16,120
17,121
18,122
21,123
1156,124
1157,125
1160,126
1161,127
1162,128
1158,129
1163,130
1159,131
1220,132
1218,133
1217,134
1216,135
1215,136
1206,137
1165,138
1154,139
1150,140
1155,141
1147,142
1173,143
1172,144
1166,145
1141,146
1174,147
1179,148
1176,149
1175,150
1202,151
1196,152
1191,153
1184,154
1149,155
1178,156
1185,157
1145,158
1144,159
1204,160
1205,161
1192,162
1193,163
1167,164
1148,165
1164,166
1168,167
1214,168
1208,169
1203,170
1207,171
1300,172
1302,173
1301,174
1195,175
1194,176
1177,177
1198,178
1201,179
1200,180
1171,181
1199,182
1209,183
1212,184
1211,185
1210,186
1181,187
1188,188
1142,189
1186,190
1182,191
1180,192
1143,193
1187,194
1183,195
1146,196
1221,197
1228,198
1226,199
1224,200
1222,201
1227,202
1225,203
1223,204
1611,205
1612,206
1614,207
1615,208
1617,209
1618,210
1619,211
1621,212
1610,213
1620,214
1616,215
1622,216
1613,217
102,218
217,219
262,220
220,221
274,222
279,223
276,224
278,225
277,226
295,227
306,228
528,229
529,230
404,231
415,232
411,233
405,234
407,235
408,236
418,237
419,238
422,239
423,240
420,241
425,242
403,243
406,244
414,245
387,246
430,247
427,248
394,249
432,250
614,251
617,252
621,253
624,254
585,255
636,256
638,257
574,258
596,259
593,260
594,261
595,262
592,263
587,264
648,265
647,266
588,267
645,268
589,269
639,270
590,271
591,272
553,273
573,274
572,275
575,276
582,277
583,278
607,279
661,280
604,281
581,282
605,283
667,284
671,285
677,286
684,287
685,288
704,289
708,290
710,291
713,292
762,293
763,294
747,295
768,296
769,297
770,298
759,299
784,300
580,301
804,302
817,303
507,304
548,305
735,306
730,307
629,308
234,309
235,310
174,311
162,312
291,313
164,314
242,315
275,316
273,317
284,318
200,319
223,320
221,321
225,322
224,323
737,324
678,325
683,326
510,327
474,328
475,329
364,330
367,331
376,332
732,333
731,334
870,335
409,336
386,337
625,338
90,339
91,340
300,341
302,342
257,343
252,344
253,345
248,346
246,347
298,348
170,349
539,350
261,351
518,352
924,353
578,354
888,355
365,356
392,357
495,358
145,359
146,360
949,361
533,362
412,363
372,364
371,365
752,366
754,367
776,368
570,369
945,370
955,371
958,372
967,373
772,374
970,375
975,376
976,377
977,378
978,379
979,380
980,381
973,382
243,383
745,384
764,385
542,386
972,387
981,388
987,389
988,390
983,391
984,392
991,393
994,394
997,395
828,396
841,397
836,398
844,399
848,400
852,401
851,402
840,403
823,404
830,405
824,406
929,407
637,408
545,409
543,410
1033,411
1032,412
1029,413
1031,414
838,415
586,416
756,417
1028,418
1044,419
1045,420
1046,421
1047,422
1048,423
1049,424
1050,425
1051,426
1052,427
1053,428
1054,429
1055,430
1056,431
1057,432
1058,433
254,434
1005,435
659,436
658,437
657,438
554,439
1076,440
856,441
600,442
584,443
1066,444
1043,445
974,446
1042,447
233,448
210,449
618,450
577,451
810,452
1030,453
615,454
616,455
305,456
1064,457
105,458
1116,459
664,460
665,461
1104,462
1111,463
511,464
509,465
506,466
576,467
1127,468
1129,469
1128,470
508,471
530,472
512,473
654,474
270,475
219,476
272,477
271,478
1134,479
729,480
1139,481
1114,482
711,483
370,484
1007,485
1006,486
547,487
523,488
524,489
525,490
522,491
571,492
1239,493
1250,494
1242,495
1095,496
1282,497
454,498
163,499
546,500
1287,501
1288,502
150,503
321,504
142,505
151,506
187,507
188,508
189,509
190,510
191,511
192,512
141,513
304,514
202,515
315,516
296,517
758,518
867,519
1011,520
1012,521
1014,522
1015,523
1016,524
1017,525
1018,526
1019,527
1020,528
1021,529
1022,530
1023,531
1026,532
1025,533
1035,534
1036,535
1037,536
1038,537
1059,538
1061,539
1062,540
1068,541
1069,542
1070,543
1071,544
1073,545
1082,546
1079,547
1080,548
1081,549
1083,550
1084,551
1086,552
1085,553
359,554
417,555
544,556
598,557
599,558
619,559
649,560
651,561
669,562
680,563
750,564
765,565
786,566
623,567
860,568
866,569
902,570
963,571
1135,572
1243,573
751,574
1240,575
1234,576
1246,577
1248,578
1249,579
140,580
717,581
706,582
1279,583
379,584
850,585
863,586
339,587
178,588
384,589
1013,590
1231,591
1253,592
1251,593
1072,594
1074,595
1067,596
1120,597
1170,598
1039,599
1040,600
1060,601
1256,602
1297,603
744,604
986,605
982,606
526,607
1063,608
1065,609
100,610
785,611
787,612
682,613
724,614
733,615
663,616
666,617
672,618
1316,619
1324,620
1312,621
1315,622
1317,623
1303,624
1313,625
205,626
208,627
736,628
816,629
137,630
148,631
1323,632
466,633
498,634
240,635
249,636
251,637
301,638
294,639
1291,640
1338,641
1110,642
1358,643
1351,644
1339,645
1341,646
1357,647
738,648
1356,649
1354,650
1347,651
1352,652
1350,653
1360,654
1361,655
1362,656
1363,657
1364,658
1365,659
1366,660
1367,661
1368,662
1369,663
1370,664
1371,665
1372,666
1373,667
1374,668
1375,669
1359,670
338,671
161,672
147,673
166,674
1308,675
1304,676
168,677
169,678
175,679
176,680
177,681
232,682
299,683
313,684
314,685
490,686
1336,687
1130,688
1119,689
1118,690
722,691
948,692
761,693
869,694
760,695
312,696
742,697
1377,698
1382,699
1378,700
1380,701
1379,702
1381,703
207,704
859,705
1270,706
1343,707
1342,708
1266,709
1264,710
1268,711
1267,712
1396,713
1397,714
668,715
918,716
670,717
1305,718
917,719
755,720
1314,721
1345,722
1306,723
1310,724
1318,725
1319,726
1321,727
1322,728
50,729
396,730
535,731
536,732
608,733
1401,734
1309,735
1340,736
1451,737
857,738
854,739
951,740
952,741
953,742
954,743
783,744
1481,745
1492,746
1452,747
718,748
1509,749
679,750
681,751
1244,752
1112,753
1274,754
1275,755
311,756
449,757
245,758
1513,759
58,760
660,761
1292,762
1265,763
1284,764
676,765
516,766
849,767
650,768
226,769
916,770
57,771
907,772
913,773
910,774
911,775
906,776
59,777
1530,778
842,779
943,780
218,781
1531,782
1533,783
746,784
779,785
199,786
1281,787
1506,788
488,789
767,790
989,791
766,792
781,793
556,794
789,795
790,796
791,797
792,798
793,799
795,800
796,801
797,802
798,803
799,804
800,805
801,806
802,807
1532,808
1334,809
1335,810
843,811
1333,812
227,813
515,814
555,815
1545,816
1091,817
1546,818
794,819
388,820
393,821
389,822
390,823
395,824
399,825
397,826
398,827
428,828
429,829
431,830
424,831
426,832
421,833
1535,834
734,835
288,836
1553,837
1554,838
1547,839
1280,840
705,841
1332,842
1458,843
1237,844
1232,845
354,846
1247,847
1252,848
1555,849
550,850
61,851
54,852
330,853
332,854
837,855
944,856
335,857
333,858
337,859
780,860
778,861
968,862
969,863
966,864
965,865
964,866
1503,867
1482,868
1485,869
1476,870
1477,871
1559,872
1561,873
1496,874
1497,875
1500,876
1501,877
1560,878
1486,879
1259,880
1283,881
241,882
655,883
627,884
622,885
626,886
903,887
49,888
51,889
62,890
908,891
1552,892
1563,893
1276,894
317,895
1564,896
1077,897
749,898
985,899
1241,900
531,901
541,902
1290,903
947,904
1478,905
1474,906
1463,907
1462,908
1461,909
1475,910
1399,911
1398,912
1386,913
1387,914
1389,915
712,916
715,917
1467,918
689,919
212,920
871,921
383,922
499,923
1534,924
1273,925
602,926
65,927
1568,928
68,929
1520,930
914,931
560,932
561,933
562,934
563,935
564,936
565,937
566,938
567,939
568,940
569,941
182,942
757,943
1034,944
1576,945
67,946
1577,947
579,948
1008,949
183,950
834,951
934,952
1578,953
557,954
803,955
805,956
806,957
807,958
808,959
809,960
811,961
812,962
1579,963
714,964
1109,965
1009,966
1569,967
1348,968
1353,969
1355,970
1580,971
1349,972
1468,973
1473,974
1395,975
720,976
1392,977
1390,978
1391,979
1385,980
1388,981
1254,982
1255,983
1295,984
1294,985
831,986
1479,987
1505,988
1470,989
1230,990
1327,991
1331,992
673,993
674,994
612,995
103,996
1584,997
845,998
1586,999
1587,1000
1588,1001
788,1002
1592,1003
1024,1004
847,1005
1585,1006
1593,1007
258,1008
1589,1009
286,1010
401,1011
721,1012
686,1013
748,1014
992,1015
1123,1016
481,1017
482,1018
230,1019
352,1020
31,1021
1464,1022
1465,1023
628,1024
691,1025
610,1026
66,1027
92,1028
250,1029
93,1030
94,1031
620,1032
121,1033
609,1034
709,1035
120,1036
640,1037
122,1038
641,1039
642,1040
643,1041
644,1042
139,1043
153,1044
152,1045
1296,1046
155,1047
833,1048
156,1049
1393,1050
158,1051
1108,1052
160,1053
391,1054
180,1055
435,1056
436,1057
438,1058
443,1059
439,1060
1105,1061
1245,1062
492,1063
239,1064
181,1065
185,1066
193,1067
186,1068
184,1069
194,1070
195,1071
1107,1072
197,1073
203,1074
206,1075
214,1076
216,1077
244,1078
255,1079
263,1080
285,1081
289,1082
290,1083
292,1084
293,1085
1238,1086
326,1087
327,1088
1000,1089
493,1090
334,1091
336,1092
347,1093
348,1094
349,1095
485,1096
484,1097
483,1098
350,1099
351,1100
353,1101
369,1102
360,1103
366,1104
374,1105
377,1106
378,1107
385,1108
400,1109
402,1110
410,1111
413,1112
416,1113
437,1114
445,1115
447,1116
451,1117
1603,1118
159,1119
157,1120
1326,1121
1328,1122
1329,1123
1606,1124
846,1125
1450,1126
675,1127
728,1128
613,1129
1257,1130
442,1131
825,1132
1041,1133
532,1134
826,1135
829,1136
1604,1137
1591,1138
961,1139
1311,1140
882,1141
1320,1142
551,1143
552,1144
1236,1145
634,1146
632,1147
558,1148
1608,1149
1512,1150
631,1151
355,1152
356,1153
357,1154
52,1155
53,1156
1103,1157
1449,1158
1599,1159
1602,1160
1600,1161
1601,1162
1582,1163
60,1164
1594,1165
1609,1166
325,1167
635,1168
633,1169
719,1170
2,1323
259,1608
1169,1609
472,1610
25,1611
22,1612
46,1613
97,1614
101,1615
1299,1616
1325,1617
901,1618
42,1619
44,1620
1258,1621
124,1622
1262,1623
125,1624
41,1625
872,1626
927,1627
928,1628
930,1629
933,1630
940,1631
941,1632
1219,1633
106,1634
381,1635
452,1636
777,1637
775,1638
774,1639
1122,1640
473,1641
476,1642
478,1643
479,1644
487,1645
319,1646
864,1647
858,1648
855,1649
820,1650
819,1651
818,1652
935,1653
433,1654
440,1655
497,1656
500,1657
707,1658
318,1659
534,1660
701,1661
688,1662
687,1663
662,1664
959,1665
656,1666
653,1667
960,1668
527,1669
926,1670
501,1671
502,1672
925,1673
740,1674
739,1675
503,1676
380,1677
504,1678
505,1679
727,1680
726,1681
725,1682
514,1683
375,1684
630,1685
1132,1686
1002,1687
1001,1688
998,1689
990,1690
281,1691
287,1692
362,1693
1138,1694
358,1695
1124,1696
1106,1697
904,1698
1115,1699
905,1700
1098,1701
1097,1702
346,1703
1096,1704
919,1705
1094,1706
1075,1707
921,1708
236,1709
308,1710
1298,1711
450,1712
1383,1713
1286,1714
1344,1715
920,1716
444,1717
1213,1718
307,1719
238,1720
1515,1721
1516,1722
1402,1723
1517,1724
260,1725
1519,1726
1523,1727
1524,1728
1525,1729
1526,1730
1527,1731
1528,1732
1518,1733
1522,1734
1514,1735
1536,1736
887,1737
1551,1738
699,1739
601,1740
1571,1741
1570,1742
1573,1743
448,1744
995,1745
1099,1746
1293,1747
104,1748
1562,1749
1590,1750
1595,1751
1581,1752
861,1753
1605,1754
265,1755
1607,1756
264,1757
486,1758
1529,1759
